size,time
8008470, 558849.0962982178
8008470, 145004.9877166748
8008470, 656247.1389770508
