size,time
8008470, 558849.0962982178
8008470, 145004.9877166748
8008470, 656247.1389770508
8008470, 688745.4986572266
3822971, 153427.6008605957
3822971, 670115.2324676514
