size,time
8, 1001.1196136474609
8, 0.0
27, 1000.6427764892578
27, 997.0664978027344
27, 0.0
27, 0.0
27, 0.0
27, 0.0
46, 0.0
46, 0.0
